idsideop,numeroobra
4,
5,
6,
7,
8,
9,
10,
11,
14,
15,
16,
17,
26,
27,
28,
30,
31,
32,
33,
34,
36,
37,
38,
39,
40,
41,
42,
43,
44,
45,
46,
47,
48,
50,
51,
52,
54,
55,
57,
58,
59,
60,
61,
62,
63,
64,
65,
66,
67,
68,
69,
70,
71,
72,
73,
74,
75,
76,
77,
78,
79,
80,
81,
82,
83,
84,
85,
87,
88,
89,
90,
91,
92,
93,
94,
95,
96,
97,
98,
99,
100,
101,
102,
103,
104,
105,
106,
107,
108,
109,
110,
111,
112,
113,
114,
115,
116,
117,
118,
119,
120,
121,
122,
123,
124,
125,
126,
127,
128,
129,
130,
131,
132,
133,
134,
135,
136,
137,
138,
139,
140,
141,
142,
143,
144,
145,
146,
147,
148,
149,
150,
151,
152,
153,
154,
155,
156,
157,
158,
159,
160,
161,
162,
163,
164,
165,
166,
167,
168,
169,
170,
171,
172,
173,
174,
175,
176,
177,
178,
179,
180,
181,
182,
183,
184,
185,
186,
187,
188,
189,
190,
191,
192,
193,
194,
195,
196,
197,
198,
199,
200,
201,
202,
203,
204,
205,
206,
208,
209,
210,
211,
212,
213,
214,
215,
216,
217,
221,
222,
223,
224,
225,
226,
227,
228,
229,
231,
232,
233,
234,
235,
236,
237,
238,
239,
240,
241,
242,
243,
244,
245,
246,
247,
248,
249,
251,
252,
253,
254,
255,
256,
257,
258,
259,
260,
261,
262,
263,
264,
265,
266,
267,
268,
269,
270,
271,
272,
273,
274,
276,
277,
278,
279,
280,
281,
282,
283,
284,
285,
286,
287,
288,
289,
290,
291,
292,
293,
294,
295,
296,
297,
298,
299,
300,
302,
303,
304,
305,
306,
307,
308,
309,
310,
311,
312,
313,
314,
315,
316,
317,
318,
319,
320,
322,
323,
324,
325,
326,
327,
328,
329,
330,
331,
332,
333,
334,
335,
337,
339,
340,
341,
342,
343,
344,
345,
346,
347,
350,
356,
357,
359,
363,
364,
368,
369,
370,
371,
372,
373,
374,
375,
376,
377,
378,
379,
380,
381,
382,
383,
384,
385,
386,
387,
388,
389,
390,
391,
392,
393,
394,
395,
396,
397,
398,
399,
400,
401,
402,
403,
404,
405,
406,
407,
408,
409,
410,
411,
412,
413,
414,
415,
416,
417,
418,
419,
420,
421,
422,
423,
424,
425,
426,
427,
428,
429,
430,
431,
432,
433,
434,
435,
436,
437,
438,
439,
440,
441,
442,
443,
444,
445,
446,
447,
448,
449,
450,
451,
454,
455,
456,
457,
458,
459,
460,
461,
462,
465,
466,
467,
468,
469,
470,
471,
472,
473,
474,
475,
476,
477,
478,
479,
480,
481,
482,
483,
484,
485,
486,
487,
488,
490,
491,
493,
494,
495,
496,
497,
498,
499,
500,
501,
502,
503,
504,
505,
506,
507,
508,
510,
511,
512,
513,
514,
515,
516,
517,
518,
519,
520,
521,
522,
524,
525,
526,
527,
528,
529,
530,
531,
532,
533,
534,
535,
536,
537,
538,
539,
540,
541,
542,
543,
544,
545,
546,
547,
548,
549,
550,
551,
553,
554,
555,
556,
557,
558,
559,
560,
561,
562,
563,
564,
565,
566,
567,
568,
569,
570,
571,
572,
573,
574,
576,
577,
578,
579,
580,
581,
582,
583,
584,
585,
586,
587,
588,
589,
591,
592,
593,
594,
595,
596,
597,
598,
599,
600,
601,
602,
603,
604,
605,
606,
607,
609,TRABAJOS DE REHABILITACIÃ“N Y REMODELACIÃ“N DE EDIFICIO
610,.
611,
612,
613,
614,142
615,143
616,130
620,
621,
622,
623,
624,
625,
626,
627,
628,
629,
630,
632,
633,
634,
635,
636,
637,
638,
639,
640,
641,
642,
643,
644,
645,
646,
647,
648,
649,
650,
651,
652,
653,
654,
655,
656,
657,
658,
659,
660,
661,
662,
663,
664,
665,
666,
667,
668,
669,
670,
671,
672,
673,
674,
675,
676,
677,
678,
679,
680,
681,
682,
683,
684,
685,
686,
687,
688,
689,
690,
691,
692,
693,
694,
695,
696,
697,
698,
699,
700,
701,
702,
703,
704,
705,
706,
707,
708,
709,
710,
711,
712,
713,
714,
715,
716,
717,
718,
719,
720,
721,
722,
723,
724,
725,
726,
727,
728,
729,
730,
731,
732,
733,
734,
735,
736,
737,
738,
739,
740,
741,
742,
743,
744,
745,
746,
747,
748,
749,
750,
751,
752,
753,
754,
755,
756,
757,
758,
759,
760,
761,
762,
763,
764,
765,
766,
767,
768,
769,
770,
771,
772,
773,
774,
775,
776,
777,
778,
779,
780,
782,
783,
784,
785,
786,
787,
788,
789,
790,
791,C-00058/0042
792,
793,
794,
795,
796,
797,
798,
799,
800,
801,
802,
803,
804,
805,
806,
807,
808,
809,
810,
811,
812,
813,
814,
815,
816,
817,
818,
819,
820,
821,
822,
823,
824,
825,
826,
827,
828,
829,
830,
832,
833,
834,
835,
836,
837,
838,
839,
840,
841,
842,
843,
844,
845,
846,
847,
848,
849,
850,
851,
852,
853,
854,
855,
856,
857,
858,
859,
860,
861,
862,
863,
864,
865,
866,
867,
868,
869,
870,
871,
872,
873,
874,
875,
876,
877,
878,
879,
880,
881,
882,
883,
884,
885,
886,
887,
888,
889,
890,
891,C-00052/0367
892,C00052/0368
893,C-00052/0369
894,C-00052/0370
895,C-00052/0371
896,C-00052/0372
897,C-00058/0042
898,C-00098/0015
899,C-00058/0039
900,C-00090/0002
901,C-00119/0002S
902,C-00119/0006S
903,C-00131/0007
904,C-00119/0010S
905,C-00119/0013S
906,C-00119/0012S
907,C-00119/0021S
908,C-00119/0023
909,C-00119/0018S
910,C00119/0022S
911,C00119/0019
912,C-00119/0024S
913,C-00119/0025S
914,C-00119/0020S
915,C-00119/0015S
916,C-00119/0016S
917,C-00119/0026S
918,C-00052/0351C
919,C-000127/007C
920,C-00052/0292C
921,C-00052/0325C
922,C-00052/0275C
923,C-00065/0013
924,C-00076/0004
925,C-00060/0162
926,C-00052/0291
927,C-00052/0305C
928,C-00052/0282C
929,C-00052/0286C
930,C-00052/0293C
931,C-00052/0301C
932,C-00052/0288C
933,C-00052/0302C
934,C-00052/0318C
935,C-00052/0306C
936,C-00052/0328C
937,C-00052/0284C
938,C-00052/0281C
939,C-00052/0298
940,C-00052/0303
941,C-00052/0311
942,C-00052/0337C
943,C-00052/0353
944,C-00119/0007C
945,C-00065/0008C
946,C-00052-0312C
947,C-00052/0307C
948,C-00052/0308C
949,C-00052/0323C
950,C-00052/0340C
951,C-00052/0341C
952,C-00052/0342C
953,C-00052/0309C
954,C-00052/0345C
955,C-00052/0344C
956,C-00052/0310C
957,C-00052/0313C
958,C-00052/0315C
959,C-00052/0343C
960,C-00052/0252C
961,C-00052/0373
962,C-00052/0374
963,C-00098/0052
964,C-00052/0202
965,C-00061/0018
966,C-00061/0019
967,C-00061/0021
968,C-00052/0299
969,C-00052/0317
970,C-00052/0318
971,C-00052/0375
972,C-00131/0009
973,C-00052/0347
974,C-00052/0346
975,C-00052/0361
976,C-00052/0364
977,C-00052/0365
978,C-00052/0363
979,C-00058/0046
980,C-00052/0376
981,C-00119/0027
982,C-00098/0052
983,C-00098/0052
984,C-00098/0052
985,C-00098/0052
986,C-00098/0052
987,C-00098/0052
988,C-00098/0052
989,C-00098/0052
990,C-00098/0052
991,C-00098/0052
992,C-00098/0052
993,C-00098/0052
994,C-00098/0052
995,C-00098/0052
996,C-00098/0052
997,C-00098/0052
998,C-00098/0052
999,C-00098/0052
1000,C-00058/0044
1001,C-00058/0045
1002,C-00098/0053
1003,C-00098/0023
1004,C-00098/0024
1005,C-00160/0069
1006,.
1007,C00119/0014
1008,C-00093/0034
1009,C-00098/0053
1010,C-00098/0053
1011,C-00098/0053
1012,C-00098/0053
1013,C-00098/0053
1014,C-00098/0053
1015,C-00098/0023
1016,C-00098/0023
1017,C-00098/0023
1018,C-00098/0024
1019,C-00098/0016
1020,C-00064/0049
1047,C-00129/0004
1048,C-00129/0005
1049,C-00129/0006
1050,C-00065/0014
1051,C-00065/0015
1052,C-00051/0016
1053,C-00052/0380
1054,C-00052/0381
1055,C-00052/0382
1056,C-00052/0383
1057,C-00052/0384
1058,C-00052/0385
1059,C-00052/0386
1060,C-00060/0166
1061,C-00060/0164
1062,C-00064/0050
1063,C-00064/0052
1064,C-00061/0027
1065,C-00064/0066
1066,C-00060/0165
1067,C-00013/0065
1068,C-00064/0053
1069,C-00064/0054
1070,C-00064/0056
1071,C-00119/0028
1072,C-00060/0163
1073,C-00058/0047
1074,C-00052/0378
1075,C-00052/0379
1076,C-00066/0008
1077,C-00064/0051
1078,C-00052/0387
1079,C-00064/0057
1080,C-00064/0058
1081,C-00052/0388
1082,C-00060/0167
1083,C-00064/0059
1084,C-00052/0377
1085,C-00054/0096
1086,C-00054/0068
1087,C-00053/0018
1088,C-00053/0019
1089,C-00000/0000
1090,C-00000/0000
1091,C-00000/0000
1092,C-00000/0000
1093,C-00000/0000
1094,C-00000/0000
1095,C-00060/0168
1096,C-00054/0097
1097,C-00013/0067
1098,C-00013/0068
1099,C-00098/0055
1100,C-00052/0358
1101,C-00000/0000
1102,C-00052/0390
1103,C-00052/0391
1104,C-00052/0392
1105,C-00000/0000
1106,C-00098/0056
1107,C-00061/0028
1108,C-00098/0057
1109,C-00098/0058
1110,C-00052/0383
1111,C-00052/0384
1112,C-00098/0384
1113,C-00052/0386
1114,C-00060/0166
1115,C-00060/0164
1116,C-00064/0050
1117,C-00064/0052
1118,C-00061/0027
1119,C-00061/0028
1120,C-00060/0165
1121,C-00013/0065
1122,C-00064/0053
1123,C-00064/0054
1124,C-00064/0056
1125,C-00119/0028
1126,C-00060/0163
1127,C-00058/0047
1128,C-00052/0378
1129,C-00052/0379
1130,C-00066/0008
1131,C-00064/0051
1132,C-00052/0387
1133,C-00064/0057
1134,C-00064/0058
1135,C-00052/0388
1136,C-00060/0167
1137,C-00060/0167
1138,C-00060/0168
1139,00000/0000
1140,00000/0000
1141,00000/0000
1142,00000/0000
1143,
1144,C-00098/0060
1145,C-00098/0061
1146,C-00098/0062
1147,C-00098/0063
1148,C-00098/0064
1149,C-00052/0466
1150,C-00064/0061
1151,C-00064/0062
1154,C-00052/0464
1155,C-00052/0465
1156,C-00098/0065
1157,C-00098/0066
1158,C-00098/0067
1159,C-00098/0068
1160,C-00052/0467
1161,C-00052/0468
1162,C-00052/0469
1163,C-00012/0067
1164,C-00012/0068
1165,C-00012/0069
1166,C-00060/0171
1167,C-00098/0069
1168,C-00061/0030
1169,C-00061/0029
1170,C-00098/0070
1171,C-00098/0071
1172,C-00098/0072
1173,C-00098/0073
1174,C-00098/0074
1175,C-00098/0075
1176,C-00098/0076
1177,C-00098/0077
1178,C-00098/0078
1179,C-00098/0079
1180,C-00098/0080
1181,C-00098/0081
1182,C-00098/0082
1183,C-00098/0083
1184,C-00098/0083
1185,C-00098/0084
1186,C-00098/0085
1187,C-00098/0086
1188,C-00098/0087
1189,C-00098/0088
1190,C-00098/0089
1191,C-00098/0090
1192,C-00098/0091
1193,C-00098/0092
1194,C-00098/0093
1195,C-00098/0094
1196,C-00098/0095
1197,C-00098/0096
1198,C-00098/0097
1199,C-00098/0098
1200,C-00098/0099
1201,C-00098/0100
1202,C-00098/0101
1203,C-00098/0102
1204,C-00098/0103
1205,C-00098/0104
1206,C-00098/0105
1207,C-00098/0106
1208,C-00098/0107
1209,C-00098/0108
1210,C-00098/0109
1211,C-00098/0110
1212,C-00098/0111
1213,C-00098/0112
1214,C-00098/0113
1215,C-00098/0114
1216,C-00098/0115
1217,C-00098/0116
1218,C-00098/0117
1219,C-00098/0118
1220,C-00098/0119
1221,C-00098/0120
1222,C-00098/0121
1223,C-00098/0122
1224,C-00098/0123
1225,C-00098/0124
1226,C-00098/0125
1227,C-00098/0126
1228,C-00098/0127
1229,C-00098/0128
1230,C-00098/0129
1231,C-00098/0130
1232,C-00098/131
1233,C-00098/0132
1234,C-00098/0133
1235,C-00098/0134
1236,C-00098/0135
1237,C-00098/0136
1238,C-00098/0137
1239,C-00098/0138
1240,C-00098/0139
1241,C-00098/0140
1242,C-00098/0141
1243,C-00098/0142
1244,C-00098/0143
1245,C-00098/0144
1246,C-00098/0145
1247,C-00098/0146
1248,C-00098/0147
1249,C-00098/0148
1250,C-00098/0149
1251,C-00098/0150
1252,C-00098/0151
1253,C-00098/0152
1254,C-00098/0153
1255,C-00098/0154
1256,C-00098/0155
1257,C-00098/0156
1258,C-00098/0157
1259,C-00098/
1260,C-00098/0159
1261,C-00098/0160
1262,C-00098/0161
1263,C-00098/0162
1264,C-00098/0163
1265,C-00098/0164
1266,C-00098/0165
1267,C-00098/0166
1268,C-00098/0167
1269,C-00098/0168
1270,C-00098/0169
1271,C-00098/0170
1273,C-00052/0470
1274,C-00052/0471
1275,C-00052/0472
1276,C-00052/0473
1277,C-00052/0474
1278,C-00052/0475
1279,C-00052/0476
1280,C-00052/0477
1281,C-00052/0478
1282,C-00052/0479
1283,C-00052/0480
1284,C-00052/0481
1285,C-00052/0482
1286,C-00052/0483
1287,C-00052/0484
1288,C-00052/0485
1289,C-00052/0486
1290,C-00052/0487
1291,C-00052/0488
1292,C-00052/0490
1293,C-00052/0489
1294,C-00052/0491
1295,C-00052/0492
1296,C-00052/0493
1297,C-00052/0494
1298,C-00052/0495
1299,C-00052/0496
1300,C-00052/0497
1301,C-00052/0498
1302,C-00052/0499
1303,C-00052/0500
1304,C-00052/0501
1305,C-00052/0502
1306,C-00052/0503
1307,C-00052/0504
1308,C-00098/0505
1309,C-00052/0506
1310,C-00052/0507
1311,C-00052/0508
1312,C-00052/0509
1313,C-00052/0510
1314,C-00052/0511
1315,C-00052/0512
1316,C-00052/0513
1317,C-00052/0514
1318,C-00052/0515
1319,C-00052/0516
1320,C-00052/0517
1321,C-00052/0518
1322,C-00052/0519
1323,C-00052/0520
1324,C-00052/0521
1325,C-00052/0522
1326,C-00052/0523
1327,C-00052/0524
1328,C-00052/0525
1329,C-00052/0526
1330,C-00052/0527
1331,C-00052/0528
1332,C-00052/0529
1333,C-00052/0530
1334,C-00052/0531
1335,C-00052/0532
1336,C-00052/0533
1337,C-00052/0534
1338,C-00052/0535
1339,C-00052/0536
1340,C-00052/0537
1341,C-00052/0538
1342,C-00052/0539
1343,C-00052/0540
1344,C-00052/0541
1345,C-00052/0542
1346,C-00052/0543
1347,C-00052/0544
1348,C-00052/0545
1349,C-00052/0546
1350,C-00052/0547
1351,C-00052/0548
1352,C-00052/0549
1353,C-00052/0550
1354,C-00052/0551
1355,C-00052/0552
1356,C-00052/0553
1357,C-00052/0554
1358,C-00052/0555
1359,C-00064/0063
1370,
1371,
1372,
1373,
1374,C-00052/0556
1375,C-00052/0557
1376,C-00052/0558
1377,C-00052/0559
1378,C-00052/0560
1379,C-00052/0561
1380,C-00052/0377
1381,C-00060/0162
1382,C-00119/0027
1383,C-00065/0015
1384,C-00064/0049
1385,C-00052/0467
1386,C-00052/0468
1387,C-00052/0469
1388,C-00012/0067
1389,C-00012/0068
1390,C-00129/0000
1391,C-00058/0048
1392,C-00052/0563
1393,C-00050/0006
1394,C-00052/0564
1395,C-00052/0565
1396,C-00052/0566
1397,C-00098/0171
1398,C-00052/0562
1399,C-00129/0009
1400,C-00098/0172
1401,C-00054/0098
1402,C-00065/0019
1403,C-00058/0049
1404,C-00129/0010
1405,C-00052/0569
1406,C-00052/0570
1407,C-00052/0571
1408,C-00064/0064
1409,C-00052/0567
1410,C-00052/0568
1414,C-00052/0470
1415,C-00052/0471
1416,C-00052/0472
1417,C-00052/0473
1418,C-00052/0474
1419,C-00052/0475
1420,C-00052/0476
1421,C-00052/0477
1422,C-00052/0478
1423,C-00052/0479
1424,C-00052/0480
1425,C-00052/0481
1426,C-00052/0482
1427,C-00052/0483
1428,C-00052/0484
1429,C-00052/0485
1430,C-00052/0486
1431,C-00052/0487
1432,C-00052/0488
1433,C-00052/0489
1434,C-00052/0490
1435,C-00052/0491
1436,C-00052/0492
1437,C-00052/0493
1438,C-00052/0494
1439,C-00052/0495
1440,C-00052/0496
1441,C-00052/0497
1442,C-00052/0498
1443,C-00052/0499
1444,C-00052/0500
1445,C-00052/0501
1446,C-00052/0502
1447,C-00052/0503
1448,C-00052/0504
1449,C-00052/0505
1450,C-00052/0506
1451,C-00052/0507
1452,C-00052/0508
1453,C-00052/0510
1454,C-00052/0509
1455,C-00052/0511
1456,C-00052/0512
1457,C-00052/0513
1458,C-00052/0514
1459,C-00052/0515
1460,C-00052/0516
1461,C-00052/0517
1462,C-00052/0518
1463,C-00052/0519
1464,C-00052/5020
1465,C-00052/0521
1466,C-00052/0521
1467,C-00052/0523
1468,C-00052/0524
1469,C-00052/0525
1470,C-00052/0526
1471,C-00052/0527
1472,C-00052/0528
1473,C-00052/0529
1474,C-00052/0530
1475,C-00052/0531
1476,C-00052/0532
1477,C-00052/0533
1478,C-00052/0534
1479,C-00052/0535
1480,C-00052/0536
1481,C-00052/0537
1482,C-00052/0538
1483,C-00052/0539
1484,C-00052/0540
1485,C-00052/0541
1486,C-00052/0542
1487,C-00052/0543
1488,C-00052/0544
1489,C-00052/0545
1490,C-00052/0546
1491,C-00052/0547
1492,C-00052/0548
1493,C-00052/0549
1494,C-00052/0550
1495,C-00052/0551
1496,C-00052/0552
1497,C-00052/0553
1498,C-00052/0554
1499,C-00052/0555
1500,C-00064/0063
1501,C-00052/0556
1502,C-00052/0557
1503,C-00052/0558
1504,C-00052/0559
1505,C-00052/0560
1506,C-00052/0561
1507,C-00052/0569
1508,C-00052/0570
1509,C-00052/0571
1510,C-00064/0064
1511,C-00058/0050
1512,C-00060/0173
1513,C-00060/0174
1515,C-00052/0573
1516,C-00052/0572
1517,C-00052/0574
1519,.
1520,C-00052/0464
1521,C-00052/0465
1522,C-00052/0282
1523,C-00065/0006
1524,C-00052/0565
1525,C-00052/0566
1526,C-00052/0562
1527,C-00052/0567
1528,C-00052/0568
1529,C-00052/0575
1530,C-00052/0576
1531,C-00052/0577
1532,C-00052/0578
1533,C-00052/0579
1534,C-00052/0575
1535,C-00052/0575
1536,C-00052/0576
1537,C-00052/0576
1538,C-00052/0577
1539,C-00052/0577
1540,C-00052/0578
1541,C-00052/0578
1542,C-00052/0579
1543,C-00052/0579
1544,C-00052/0564
1546,
1547,C-00052/0582
1548,C-00052/0583
1549,C-00052/0584
1550,C-00052/0580
1551,C-00061/0031
1552,C-00058/0015
1553,C-00052/0243
1554,C-00054/0054
1555,.
1556,C-00052/0581
1557,C-00052/0573
1558,C-00129/0011
1559,C-00129/0012
1560,C-00052/0572
1561,C-00052/0572
1562,C-00119/0032
1563,C-00119/0033
1564,C-00061/0032
1565,C-00053/0014
1566,C-00058/0048
1567,C-00065/0020
1568,C-00098/0175
1569,.
1570,.
1571,.
1572,.
1573,C-00052/0574
1574,.
1575,C-00098/0175
1576,C-00098/0175
1577,C-00098/0175
1578,C-00098/0175
1579,C-00098/0175
1580,C-00098/0175
1581,C-00098/0175
1582,C-00061/0022
1583,C-00119/0036
1584,C-00058/0052
1585,C-00060/0176
1586,C-00060/0178
1587,C-00060/0179
1588,C-00060/0177
1589,C-00060/0180
1590,C-00061/0034
1591,C-00119/0034
1592,C-00119/0035
1593,C-00052/0583
1594,C-00052/0584
1595,C-00064/0065
1596,C-00052/0586
1597,C-00052/0586
1598,C-00052/0586
1599,C-00060/0181
1600,C-00119/0037
1601,C-00076/0005
1602,C-00052/0587
1603,C-00052/0587
1604,C-00052/0587
1605,C-00119/0001
1606,C-00064/0045
1607,C-00064/0048
1608,C-00064/0046
1609,C-00058/0052
1610,C-00119/0012
1611,C-00119/0009
1612,C-00012/0063
1613,C-00052/0588
1614,C-00052/0588
1615,C-00052/0588
1616,C-00098/0193
1617,C-00170/0001
1618,C-00170/0002
1619,C-00052/0590
1620,C-00052/0589
1621,C-00052/0311
1622,C-00158/0001
1623,C-00052/0587
1624,C-00052/0587
1625,C-00052/0587
1626,C-00052/0575
1627,C-00052/0575
1628,C-00052/0575
1629,C-00052/0578
1630,C-00052/0578
1631,C-00052/0578
1632,C-00052/0577
1633,C-00052/0577
1634,C-00052/0577
1635,C-00052/0579
1636,C-00052/0579
1637,C-00052/0579
1638,C-00052/0586
1639,C-00052/0586
1640,C-00052/0586
1641,C-00052/0588
1642,C-00052/0588
1643,C-00052/0588
1644,C-00052/0589
1645,C-00052/0591
1646,C-00052/0592
1647,C-00098/0195
1648,C-00098/0196
1649,C-00052/0572
1650,C-00052/0572
1651,C-00052/0572
1652,C-00098/0197
1653,C-00098/0198
1654,C-00098/0199
1655,C-00098/0200
1656,C-00098/0202
1657,C-00098/0203
1658,C-00098/0205
1659,C-00098/0204
1660,C-00098/0201
1661,C-00064/0067
1662,C-00064/0067
1663,C-00052/0682
1664,C-00052/0311
1665,C-00119/0038
1666,C-00119/0039
1667,C-00064/0069
1668,C-00119/0046
1669,
1670,
1671,
1672,
1673,
1674,
1675,C-00119/0045
1676,C-00129/0066
1677,C-00158/0002
1678,C-00158/0001
1679,C-00119/0048
1680,C-00052/0685
1681,C-00066/0011
1682,C-00132/0003
1683,C-00066/0010
1684,C-00131/0012
1685,C-00119/0051
1686,C-00119/0052
1687,C-00064/0070
1688,C-00129/0017
1689,C-00053/0022
1690,C-00119/0049
1691,C-00052/0683
1692,C-00119/0050
1693,C-00064/0071
1694,C-00119/0053
1695,C-00066/0012
1696,C-00129/0019
1697,C-00129/0018
1698,C-00065/0029
1699,C-00119/0048
1700,C-00052/0683
1701,C-00098/0206
1702,C-00098/0207
1703,C-00098/0208
1704,C-00098/0209
1705,C-00098/0210
1706,C-00098/0211
1707,C-00098/0212
1708,C-00098/0213
1709,C-00098/0214
1710,C-00098/0215
1711,C-00098/0216
1712,C-00098/0217
1713,C-00098/0218
1714,C-00098/0219
1715,C-00098/0220
1716,C-00098/0221
1717,C-00098/0222
1718,C-00098/0223
1719,C-00098/0224
1720,C-00098/0225
1721,C-00098/0226
1722,C-00052/0589
1723,C-00052/0591
1724,C-00052/0592
1725,C-00052/0682
1726,C-00064/0069
1727,C-00098/0227
1728,C-00129/0014
1729,C-00129/0015
1730,C-00098/0228
1731,C-00098/0229
1732,C-00098/0230
1733,C-00098/0231
1734,C-00065/0030
1735,C-00170/0004
1736,C-00054/0101
1737,C-00053/0023
1738,C-00053/0024
1739,C-00170/0003
1740,C-00098/0232
1741,C-00098/0234
1742,C-00098/0235
1743,C-00098/0236
1744,C-00098/0237
1745,C-00098/0238
1746,C-00098/0239
1747,C-00098/0240
1748,C-00052/0688
1749,
1750,C-00098/0241
1751,C-00098/0242
1752,C-00098/0243
1753,C-00098/0244
1754,C-00098/0245
1755,C-00098/0246
1756,C-00098/0247
1757,C-00098/0248
1758,C-00098/0249
1759,C-00098/0250
1760,C-00098/0251
1761,C-00098/0252
1762,C-00098/0253
1763,C-00098/0254
1764,C-00098/0255
1765,C-00098/0256
1766,C-00098/0257
1767,C-00052/0686
1768,C-00058/0055
1769,C-00098/0258
1770,C-00052/0690
1771,C-00065/0031
1772,C-00119/0055
1773,C-00119/0056
1774,C-00098/0259
1775,C-00129/0010
1776,C-00119/0053
1777,C-00119/0053
1778,C-00119/0053
1779,C-00119/0053
1780,C-00119/0057
1781,C-00054/0102
1782,C-00119/0058
1783,C-00060/0182
1784,C-00065/0032
1785,C-00065/0029
1786,C-00131/0012
1787,C-00119/0060
1788,C-00098/0260
1789,C-00098/0261
1790,C-00098/0262
1791,C-00098/0263
1792,C-00098/0264
1793,C-00098/0265
1795,C-00052/0590
1796,C-00098/0267
1797,C-00119/0062
1798,C-00098/0268
1799,C-00098/0269
1800,C-00098/0266
1801,C-00119/0063
1802,C-00053/0025
1803,C-00053/0026
1804,C-00064/0072
1805,C-00098/0270
1806,C-00052/0692
1807,C-00058/0056
1808,C-00052/0691
1809,C-00058/0057
1810,C-00052/0693
1815,C-00052/0694
1816,C-00052/0695
1817,
1818,C-00052/0690
1819,C-00065/0030
1820,C-00098/0271
1821,C-00098/0272
1822,C-00012/0070
1823,C-00052/0696
1824,C-00052/0697
1825,C-00052/0698
1826,C-00060/0183
1827,C-00064/0073
1828,C-00012/0071
1829,C-00119/0064
1830,C-00054/0102
1831,C-00098/0273
1832,C-00098/0274
1833,C-00065/0033
1834,C-00098/0275
1835,C-00065/0031
1836,C-00129/0010
1837,C-00066/0011
1838,C-00119/0058
1839,
1840,C-00011/0002
1841,C-00054/0102
1842,C-00119/0065
1843,C-00052/0699
1844,C-00052/0700
1845,C-00053/0027
1846,C-00060/0184
1847,C-00064/0074
1848,C-00064/0075
1849,C-00064/0076
1850,C-00064/0077
1851,C-00052/0701
1852,C-00052/0702
1853,C-00052/0703
1854,C-00060/0185
1855,C-00119/0066
1856,C-00057/0009
1857,C-00052/0705
1858,C-00119/0067
1859,C-00098/0276
1860,C-00098/0277
1861,C-00052/0691
1862,C-00129/0020
1863,C-00058/0059
1864,C-00065/0078
1865,C-00058/0057
1866,C-00098/0278
1867,C-00098/0279
1868,C-00098/0280
1869,C-00098/0281
1870,C-00098/0282
1871,C-00058/0058
1872,C-00060/0187
1873,C-00119/0068
1874,C-00052/0706
1875,C-00052/0707
1876,C-00052/0695
1877,C-00052/0694
